<beans xmlns="http://www.springframework.org/schema/beans"
	xmlns:xsi="http://www.w3.org/2001/XMLSchema-instance"
	xmlns:p="http://www.springframework.org/schema/p"
	xmlns:aop="http://www.springframework.org/schema/aop"
	xmlns:context="http://www.springframework.org/schema/context"
	xmlns:jee="http://www.springframework.org/schema/jee"
	xmlns:tx="http://www.springframework.org/schema/tx"
	xmlns:task="http://www.springframework.org/schema/task"
	xsi:schemaLocation="http://www.springframework.org/schema/aop http://www.springframework.org/schema/aop/spring-aop-3.2.xsd http://www.springframework.org/schema/beans http://www.springframework.org/schema/beans/spring-beans-3.2.xsd http://www.springframework.org/schema/context http://www.springframework.org/schema/context/spring-context-3.2.xsd http://www.springframework.org/schema/jee http://www.springframework.org/schema/jee/spring-jee-3.2.xsd http://www.springframework.org/schema/tx http://www.springframework.org/schema/tx/spring-tx-3.2.xsd http://www.springframework.org/schema/task http://www.springframework.org/schema/task/spring-task-3.2.xsd">
	
	<context:annotation-config></context:annotation-config>
    <aop:aspectj-autoproxy></aop:aspectj-autoproxy>
    
	<bean id="triangle" class="com.ism.au.model.Triangle">
	 	<property name="pointA" ref="pointA"></property>
	 	<property name="pointB" ref="pointB"></property>
	 	<property name="pointC" ref="pointC"></property>
	 	<property name="type" value="Equilateral Triangle"></property>
	 	<property name="pointMap" >
			<map>
				<entry key="1">
					<bean  class="com.ism.au.model.Point">
						<property name="x" value="4"></property>
						<property name="y" value="5"></property>
					</bean>
				</entry>
				<entry key="2">
					<bean  class="com.ism.au.model.Point">
						<property name="x" value="4"></property>
						<property name="y" value="25"></property>
					</bean>
				</entry>
				<entry key="3">
					<bean  class="com.ism.au.model.Point">
						<property name="x" value="7"></property>
						<property name="y" value="8"></property>
					</bean>
				</entry>
			</map>
		</property>
	</bean>
	
	<bean id = "pointA" class="com.ism.au.model.Point">
		<property name="x" value="0" ></property>
		<property name="y" value="1" ></property>
	</bean>
	<bean id = "pointB" class="com.ism.au.model.Point">
		<property name="x" value="4" />
		<property name="y" value="5" />
	</bean>
	<bean id = "pointC" class="com.ism.au.model.Point">
		<property name="x" value="7" />
		<property name="y" value="7" />
	</bean>
	
	<bean id="circle" class="com.ism.au.model.Circle">
	 	<property name="center" ref="center"></property>
	 	<property name="str" value="5"></property>
	</bean>
	
	<bean id="center" class="com.ism.au.model.Point">
	 	<property name="x" value="4"></property>
	 	<property name="y" value="4"></property>
	</bean>
	
	<bean class="com.ism.au.model.AroundAspect" />
</beans>



